insert  into `smartrealt_catalog_element_type`(`Id`,`Name`) values (1,'Комната');
insert  into `smartrealt_catalog_element_type`(`Id`,`Name`) values (2,'Квартира');
insert  into `smartrealt_catalog_element_type`(`Id`,`Name`) values (3,'Пентхаус');
insert  into `smartrealt_catalog_element_type`(`Id`,`Name`) values (4,'Коттедж');
insert  into `smartrealt_catalog_element_type`(`Id`,`Name`) values (5,'Таунхаус');
insert  into `smartrealt_catalog_element_type`(`Id`,`Name`) values (6,'Дача/Сад');
insert  into `smartrealt_catalog_element_type`(`Id`,`Name`) values (7,'Офис');
insert  into `smartrealt_catalog_element_type`(`Id`,`Name`) values (8,'Склад');
insert  into `smartrealt_catalog_element_type`(`Id`,`Name`) values (9,'Производство');
insert  into `smartrealt_catalog_element_type`(`Id`,`Name`) values (10,'Торговые площади');
insert  into `smartrealt_catalog_element_type`(`Id`,`Name`) values (11,'Кафе, бары, рестораны');
insert  into `smartrealt_catalog_element_type`(`Id`,`Name`) values (12,'Прочая коммерческая');
insert  into `smartrealt_catalog_element_type`(`Id`,`Name`) values (13,'Земельный участок');
insert  into `smartrealt_catalog_element_type`(`Id`,`Name`) values (19,'Дом');
insert  into `smartrealt_catalog_element_type`(`Id`,`Name`) values (20,'Здание');
insert  into `smartrealt_catalog_element_type`(`Id`,`Name`) values (21,'Гараж');
insert  into `smartrealt_catalog_element_type`(`Id`,`Name`) values (22,'Машиноместо');

insert  into `smartrealt_rubric`(`Id`,`Active`,`Name`,`RubricGroupId`,`TypeName`,`TransactionType`,`TypeId`,`Code`,`Sort`,`CreateDate`,`UpdateDate`,`SectionId`,`EstateMarket`) values (1,'Y','Продажа комнат',2,'Комнаты','SALE','1','sale',300,'2012-01-28 23:50:21','2013-03-24 21:21:27','','');
insert  into `smartrealt_rubric`(`Id`,`Active`,`Name`,`RubricGroupId`,`TypeName`,`TransactionType`,`TypeId`,`Code`,`Sort`,`CreateDate`,`UpdateDate`,`SectionId`,`EstateMarket`) values (3,'Y','Аренда квартир',1,'Квартиры','RENT','2','rent',200,'2012-01-29 22:02:41','2013-03-24 21:21:27','','');
insert  into `smartrealt_rubric`(`Id`,`Active`,`Name`,`RubricGroupId`,`TypeName`,`TransactionType`,`TypeId`,`Code`,`Sort`,`CreateDate`,`UpdateDate`,`SectionId`,`EstateMarket`) values (4,'Y','Продажа квартир',1,'Квартиры','SALE','2','sale',100,'2012-01-29 22:19:56','2013-03-24 21:21:27','','');
insert  into `smartrealt_rubric`(`Id`,`Active`,`Name`,`RubricGroupId`,`TypeName`,`TransactionType`,`TypeId`,`Code`,`Sort`,`CreateDate`,`UpdateDate`,`SectionId`,`EstateMarket`) values (5,'Y','Аренда комнат',2,'Комнаты','RENT','1','rent',400,'2012-01-29 22:20:23','2013-03-24 21:21:27','','');
insert  into `smartrealt_rubric`(`Id`,`Active`,`Name`,`RubricGroupId`,`TypeName`,`TransactionType`,`TypeId`,`Code`,`Sort`,`CreateDate`,`UpdateDate`,`SectionId`,`EstateMarket`) values (6,'Y','Продажа домов и коттеджей',3,'Дома и коттеджи','SALE','4;5;19','sale',420,'2012-01-29 22:21:21','2013-03-24 21:21:27','','');
insert  into `smartrealt_rubric`(`Id`,`Active`,`Name`,`RubricGroupId`,`TypeName`,`TransactionType`,`TypeId`,`Code`,`Sort`,`CreateDate`,`UpdateDate`,`SectionId`,`EstateMarket`) values (7,'Y','Аренда домов и коттеджей',3,'Дома и коттеджи','RENT','4;5;19','rent',430,'2012-01-29 22:21:31','2013-03-24 21:21:27','','');
insert  into `smartrealt_rubric`(`Id`,`Active`,`Name`,`RubricGroupId`,`TypeName`,`TransactionType`,`TypeId`,`Code`,`Sort`,`CreateDate`,`UpdateDate`,`SectionId`,`EstateMarket`) values (8,'Y','Продажа дачных участков',4,'Дачи и садовые участки','SALE','6','village-sale',500,'2012-01-29 22:22:06','2012-01-30 23:09:28',NULL,NULL);
insert  into `smartrealt_rubric`(`Id`,`Active`,`Name`,`RubricGroupId`,`TypeName`,`TransactionType`,`TypeId`,`Code`,`Sort`,`CreateDate`,`UpdateDate`,`SectionId`,`EstateMarket`) values (9,'Y','Аренда дачных участков',4,'Дачи и садовые участки','RENT','6','village-rent',600,'2012-01-29 22:22:52','2012-01-30 23:09:28',NULL,NULL);
insert  into `smartrealt_rubric`(`Id`,`Active`,`Name`,`RubricGroupId`,`TypeName`,`TransactionType`,`TypeId`,`Code`,`Sort`,`CreateDate`,`UpdateDate`,`SectionId`,`EstateMarket`) values (10,'Y','Продажа земельных участков',4,'Земельные участки','SALE','13','lands',700,'2012-01-29 22:23:52','2013-03-24 21:23:28','3','');
insert  into `smartrealt_rubric`(`Id`,`Active`,`Name`,`RubricGroupId`,`TypeName`,`TransactionType`,`TypeId`,`Code`,`Sort`,`CreateDate`,`UpdateDate`,`SectionId`,`EstateMarket`) values (11,'Y','Аренда офисов',6,'Офисы','RENT','7','office-rent',900,'2012-01-29 22:24:59','2012-01-30 23:05:44',NULL,NULL);
insert  into `smartrealt_rubric`(`Id`,`Active`,`Name`,`RubricGroupId`,`TypeName`,`TransactionType`,`TypeId`,`Code`,`Sort`,`CreateDate`,`UpdateDate`,`SectionId`,`EstateMarket`) values (12,'Y','Продажа офисов',6,'Офисы','SALE','7','office-sale',800,'2012-01-29 22:25:09','2012-01-30 23:05:44',NULL,NULL);
insert  into `smartrealt_rubric`(`Id`,`Active`,`Name`,`RubricGroupId`,`TypeName`,`TransactionType`,`TypeId`,`Code`,`Sort`,`CreateDate`,`UpdateDate`,`SectionId`,`EstateMarket`) values (13,'Y','Продажа производственно-складских помещений',6,'Производственно-складские помещения','SALE','8;9','production-warehouses-sale',1100,'2012-01-29 22:26:48','2012-01-30 23:05:44',NULL,NULL);
insert  into `smartrealt_rubric`(`Id`,`Active`,`Name`,`RubricGroupId`,`TypeName`,`TransactionType`,`TypeId`,`Code`,`Sort`,`CreateDate`,`UpdateDate`,`SectionId`,`EstateMarket`) values (14,'Y','Аренда производственно-складских помещений',6,'Производственно-складские помещения','RENT','8;9','production-warehouses-rent',1000,'2012-01-29 22:26:53','2012-01-30 23:05:44',NULL,NULL);
insert  into `smartrealt_rubric`(`Id`,`Active`,`Name`,`RubricGroupId`,`TypeName`,`TransactionType`,`TypeId`,`Code`,`Sort`,`CreateDate`,`UpdateDate`,`SectionId`,`EstateMarket`) values (15,'Y','Новостройки',1,'Квартиры','SALE','2','new',100,'2013-03-24 21:23:04','2013-03-24 21:23:04','','PRIMARY');
insert  into `smartrealt_rubric`(`Id`,`Active`,`Name`,`RubricGroupId`,`TypeName`,`TransactionType`,`TypeId`,`Code`,`Sort`,`CreateDate`,`UpdateDate`,`SectionId`,`EstateMarket`) values (16,'Y','Продажа земельных участков',6,'Земельные участки','SALE','13','lands',1200,'2013-03-24 21:23:37','2013-03-25 00:07:14','4','');

insert  into `smartrealt_rubric_group`(`Id`,`Name`,`Active`,`Sort`,`CreateDate`,`UpdateDate`,`Code`) values (1,'Квартиры','Y',100,'2012-01-29 16:51:57','2012-07-27 18:03:29','apartments');
insert  into `smartrealt_rubric_group`(`Id`,`Name`,`Active`,`Sort`,`CreateDate`,`UpdateDate`,`Code`) values (2,'Комнаты','Y',200,'2012-01-29 16:52:22','2012-01-29 16:53:49','rooms');
insert  into `smartrealt_rubric_group`(`Id`,`Name`,`Active`,`Sort`,`CreateDate`,`UpdateDate`,`Code`) values (3,'Дома и коттеджи','Y',300,'2012-01-29 16:52:33','2012-01-29 16:53:49','cottages');
insert  into `smartrealt_rubric_group`(`Id`,`Name`,`Active`,`Sort`,`CreateDate`,`UpdateDate`,`Code`) values (4,'Дачи и земельные участки','Y',400,'2012-01-29 16:53:00','2012-01-29 16:53:49','village');
insert  into `smartrealt_rubric_group`(`Id`,`Name`,`Active`,`Sort`,`CreateDate`,`UpdateDate`,`Code`) values (6,'Коммерческая недвижимость','Y',600,'2012-01-29 16:53:19','2013-03-24 21:19:59','commercial');
